{
    "name": "root",
    "gauges": {
        "MoveToGoal.Policy.Entropy.mean": {
            "value": -0.543367862701416,
            "min": -0.543367862701416,
            "max": 0.9011290669441223,
            "count": 637
        },
        "MoveToGoal.Policy.Entropy.sum": {
            "value": -550.431640625,
            "min": -552.6060180664062,
            "max": 957.9078979492188,
            "count": 637
        },
        "MoveToGoal.Environment.EpisodeLength.mean": {
            "value": 23.975,
            "min": 19.775510204081634,
            "max": 27.0,
            "count": 637
        },
        "MoveToGoal.Environment.EpisodeLength.sum": {
            "value": 959.0,
            "min": 870.0,
            "max": 998.0,
            "count": 637
        },
        "MoveToGoal.Step.mean": {
            "value": 1136994.0,
            "min": 500976.0,
            "max": 1136994.0,
            "count": 637
        },
        "MoveToGoal.Step.sum": {
            "value": 1136994.0,
            "min": 500976.0,
            "max": 1136994.0,
            "count": 637
        },
        "MoveToGoal.Policy.ExtrinsicValueEstimate.mean": {
            "value": 9.439420700073242,
            "min": 7.717349052429199,
            "max": 12.282588958740234,
            "count": 637
        },
        "MoveToGoal.Policy.ExtrinsicValueEstimate.sum": {
            "value": 377.5768127441406,
            "min": 307.17462158203125,
            "max": 546.2153930664062,
            "count": 637
        },
        "MoveToGoal.Policy.GailValueEstimate.mean": {
            "value": 0.44281691312789917,
            "min": 0.4341908395290375,
            "max": 5.509216785430908,
            "count": 637
        },
        "MoveToGoal.Policy.GailValueEstimate.sum": {
            "value": 17.712677001953125,
            "min": 17.367633819580078,
            "max": 220.36866760253906,
            "count": 637
        },
        "MoveToGoal.Environment.CumulativeReward.mean": {
            "value": 6.383749949932098,
            "min": -0.6081395267054092,
            "max": 9.538157786193647,
            "count": 637
        },
        "MoveToGoal.Environment.CumulativeReward.sum": {
            "value": 255.34999799728394,
            "min": -26.149999648332596,
            "max": 362.4499958753586,
            "count": 637
        },
        "MoveToGoal.Policy.ExtrinsicReward.mean": {
            "value": 6.383749949932098,
            "min": -0.6081395267054092,
            "max": 9.538157786193647,
            "count": 637
        },
        "MoveToGoal.Policy.ExtrinsicReward.sum": {
            "value": 255.34999799728394,
            "min": -26.149999648332596,
            "max": 362.4499958753586,
            "count": 637
        },
        "MoveToGoal.Policy.GailReward.mean": {
            "value": 0.15688215025002136,
            "min": 0.013346738724333302,
            "max": 0.8874930433737926,
            "count": 637
        },
        "MoveToGoal.Policy.GailReward.sum": {
            "value": 6.275286010000855,
            "min": 0.5472162876976654,
            "max": 35.16157712042332,
            "count": 637
        },
        "MoveToGoal.IsTraining.mean": {
            "value": 1.0,
            "min": 1.0,
            "max": 1.0,
            "count": 637
        },
        "MoveToGoal.IsTraining.sum": {
            "value": 1.0,
            "min": 1.0,
            "max": 1.0,
            "count": 637
        },
        "MoveToGoal.Losses.PolicyLoss.mean": {
            "value": 0.07540039612940745,
            "min": 0.06601073190431635,
            "max": 0.09044572107013664,
            "count": 155
        },
        "MoveToGoal.Losses.PolicyLoss.sum": {
            "value": 0.07540039612940745,
            "min": 0.06601073190431635,
            "max": 0.09044572107013664,
            "count": 155
        },
        "MoveToGoal.Losses.ValueLoss.mean": {
            "value": 1.4818672437220812,
            "min": 0.8934172380715608,
            "max": 3.736998733878136,
            "count": 155
        },
        "MoveToGoal.Losses.ValueLoss.sum": {
            "value": 1.4818672437220812,
            "min": 0.8934172380715608,
            "max": 3.736998733878136,
            "count": 155
        },
        "MoveToGoal.Policy.LearningRate.mean": {
            "value": 0.00019315667273734003,
            "min": 0.00019315667273734003,
            "max": 0.0002247942600823,
            "count": 155
        },
        "MoveToGoal.Policy.LearningRate.sum": {
            "value": 0.00019315667273734003,
            "min": 0.00019315667273734003,
            "max": 0.0002247942600823,
            "count": 155
        },
        "MoveToGoal.Policy.Epsilon.mean": {
            "value": 0.17726266000000002,
            "min": 0.17726266000000002,
            "max": 0.18991770000000005,
            "count": 155
        },
        "MoveToGoal.Policy.Epsilon.sum": {
            "value": 0.17726266000000002,
            "min": 0.17726266000000002,
            "max": 0.18991770000000005,
            "count": 155
        },
        "MoveToGoal.Policy.Beta.mean": {
            "value": 0.0004000000000000001,
            "min": 0.0004000000000000001,
            "max": 0.0004000000000000001,
            "count": 155
        },
        "MoveToGoal.Policy.Beta.sum": {
            "value": 0.0004000000000000001,
            "min": 0.0004000000000000001,
            "max": 0.0004000000000000001,
            "count": 155
        },
        "MoveToGoal.Policy.GAILPolicyEstimate.mean": {
            "value": 0.02802764501539059,
            "min": 0.011444520573422778,
            "max": 0.06211181234102696,
            "count": 155
        },
        "MoveToGoal.Policy.GAILPolicyEstimate.sum": {
            "value": 0.02802764501539059,
            "min": 0.011444520573422778,
            "max": 0.06211181234102696,
            "count": 155
        },
        "MoveToGoal.Policy.GAILExpertEstimate.mean": {
            "value": 0.9857321314513683,
            "min": 0.9650692030787468,
            "max": 0.9939019568264484,
            "count": 155
        },
        "MoveToGoal.Policy.GAILExpertEstimate.sum": {
            "value": 0.9857321314513683,
            "min": 0.9650692030787468,
            "max": 0.9939019568264484,
            "count": 155
        },
        "MoveToGoal.Losses.GAILLoss.mean": {
            "value": 0.050461054511833935,
            "min": 0.018478468593093565,
            "max": 0.11175391634460538,
            "count": 155
        },
        "MoveToGoal.Losses.GAILLoss.sum": {
            "value": 0.050461054511833935,
            "min": 0.018478468593093565,
            "max": 0.11175391634460538,
            "count": 155
        },
        "MoveToGoal.Policy.GAILGradMagLoss.mean": {
            "value": 0.02161067605629796,
            "min": 0.015448968077544123,
            "max": 0.04139836973627098,
            "count": 155
        },
        "MoveToGoal.Policy.GAILGradMagLoss.sum": {
            "value": 0.02161067605629796,
            "min": 0.015448968077544123,
            "max": 0.04139836973627098,
            "count": 155
        },
        "MoveToGoal.Losses.PretrainingLoss.mean": {
            "value": 0.03271807523237334,
            "min": 0.03265402879979876,
            "max": 0.3953602910041809,
            "count": 155
        },
        "MoveToGoal.Losses.PretrainingLoss.sum": {
            "value": 0.03271807523237334,
            "min": 0.03265402879979876,
            "max": 0.3953602910041809,
            "count": 155
        }
    },
    "metadata": {
        "timer_format_version": "0.1.0",
        "start_time_seconds": "1736852257",
        "python_version": "3.9.13 (tags/v3.9.13:6de2ca5, May 17 2022, 16:36:42) [MSC v.1929 64 bit (AMD64)]",