{
    "name": "root",
    "gauges": {
        "MoveToGoal.Policy.Entropy.mean": {
            "value": -0.6259118318557739,
            "min": -0.6259118318557739,
            "max": -0.5491338968276978,
            "count": 44
        },
        "MoveToGoal.Policy.Entropy.sum": {
            "value": -620.904541015625,
            "min": -652.8260498046875,
            "max": -518.3823852539062,
            "count": 44
        },
        "MoveToGoal.Environment.EpisodeLength.mean": {
            "value": 23.317073170731707,
            "min": 21.977272727272727,
            "max": 26.10810810810811,
            "count": 44
        },
        "MoveToGoal.Environment.EpisodeLength.sum": {
            "value": 956.0,
            "min": 695.0,
            "max": 981.0,
            "count": 44
        },
        "MoveToGoal.Step.mean": {
            "value": 1180995.0,
            "min": 1137984.0,
            "max": 1180995.0,
            "count": 44
        },
        "MoveToGoal.Step.sum": {
            "value": 1180995.0,
            "min": 1137984.0,
            "max": 1180995.0,
            "count": 44
        },
        "MoveToGoal.Policy.ExtrinsicValueEstimate.mean": {
            "value": 7.56636381149292,
            "min": 7.56636381149292,
            "max": 10.247090339660645,
            "count": 44
        },
        "MoveToGoal.Policy.ExtrinsicValueEstimate.sum": {
            "value": 310.2209167480469,
            "min": 259.62567138671875,
            "max": 430.3778076171875,
            "count": 44
        },
        "MoveToGoal.Policy.GailValueEstimate.mean": {
            "value": 2.265397310256958,
            "min": 0.4529787302017212,
            "max": 2.674311637878418,
            "count": 44
        },
        "MoveToGoal.Policy.GailValueEstimate.sum": {
            "value": 92.88129425048828,
            "min": 11.777446746826172,
            "max": 114.91593170166016,
            "count": 44
        },
        "MoveToGoal.Environment.CumulativeReward.mean": {
            "value": 1.5146341792693951,
            "min": 0.2261904673207374,
            "max": 8.943243126611453,
            "count": 44
        },
        "MoveToGoal.Environment.CumulativeReward.sum": {
            "value": 62.100001350045204,
            "min": 9.49999962747097,
            "max": 330.8999956846237,
            "count": 44
        },
        "MoveToGoal.Policy.ExtrinsicReward.mean": {
            "value": 1.5146341792693951,
            "min": 0.2261904673207374,
            "max": 8.943243126611453,
            "count": 44
        },
        "MoveToGoal.Policy.ExtrinsicReward.sum": {
            "value": 62.100001350045204,
            "min": 9.49999962747097,
            "max": 330.8999956846237,
            "count": 44
        },
        "MoveToGoal.Policy.GailReward.mean": {
            "value": 0.44370657859778984,
            "min": 0.2710875512029116,
            "max": 2.9216707873912084,
            "count": 44
        },
        "MoveToGoal.Policy.GailReward.sum": {
            "value": 18.191969722509384,
            "min": 10.572414496913552,
            "max": 122.71017307043076,
            "count": 44
        },
        "MoveToGoal.IsTraining.mean": {
            "value": 1.0,
            "min": 1.0,
            "max": 1.0,
            "count": 44
        },
        "MoveToGoal.IsTraining.sum": {
            "value": 1.0,
            "min": 1.0,
            "max": 1.0,
            "count": 44
        },
        "MoveToGoal.Losses.PolicyLoss.mean": {
            "value": 0.07752694079063076,
            "min": 0.06965493992356642,
            "max": 0.07972747108724434,
            "count": 10
        },
        "MoveToGoal.Losses.PolicyLoss.sum": {
            "value": 0.07752694079063076,
            "min": 0.06965493992356642,
            "max": 0.07972747108724434,
            "count": 10
        },
        "MoveToGoal.Losses.ValueLoss.mean": {
            "value": 1.481107961013913,
            "min": 1.4791442647576332,
            "max": 2.365392632037401,
            "count": 10
        },
        "MoveToGoal.Losses.ValueLoss.sum": {
            "value": 1.481107961013913,
            "min": 1.4791442647576332,
            "max": 2.365392632037401,
            "count": 10
        },
        "MoveToGoal.Policy.LearningRate.mean": {
            "value": 0.00019107707356918002,
            "min": 0.00019107707356918002,
            "max": 0.00019292717282914,
            "count": 10
        },
        "MoveToGoal.Policy.LearningRate.sum": {
            "value": 0.00019107707356918002,
            "min": 0.00019107707356918002,
            "max": 0.00019292717282914,
            "count": 10
        },
        "MoveToGoal.Policy.Epsilon.mean": {
            "value": 0.17643082000000002,
            "min": 0.17643082000000002,
            "max": 0.17717085999999999,
            "count": 10
        },
        "MoveToGoal.Policy.Epsilon.sum": {
            "value": 0.17643082000000002,
            "min": 0.17643082000000002,
            "max": 0.17717085999999999,
            "count": 10
        },
        "MoveToGoal.Policy.Beta.mean": {
            "value": 0.0004000000000000001,
            "min": 0.0004000000000000001,
            "max": 0.0004000000000000001,
            "count": 10
        },
        "MoveToGoal.Policy.Beta.sum": {
            "value": 0.0004000000000000001,
            "min": 0.0004000000000000001,
            "max": 0.0004000000000000001,
            "count": 10
        },
        "MoveToGoal.Policy.GAILPolicyEstimate.mean": {
            "value": 0.027691754401894288,
            "min": 0.027691754401894288,
            "max": 0.035726974747376516,
            "count": 10
        },
        "MoveToGoal.Policy.GAILPolicyEstimate.sum": {
            "value": 0.027691754401894288,
            "min": 0.027691754401894288,
            "max": 0.035726974747376516,
            "count": 10
        },
        "MoveToGoal.Policy.GAILExpertEstimate.mean": {
            "value": 0.9855083946138621,
            "min": 0.9773097105324269,
            "max": 0.9875814124941826,
            "count": 10
        },
        "MoveToGoal.Policy.GAILExpertEstimate.sum": {
            "value": 0.9855083946138621,
            "min": 0.9773097105324269,
            "max": 0.9875814124941826,
            "count": 10
        },
        "MoveToGoal.Losses.GAILLoss.mean": {
            "value": 0.04730601802002639,
            "min": 0.045991869119461626,
            "max": 0.06804577598813921,
            "count": 10
        },
        "MoveToGoal.Losses.GAILLoss.sum": {
            "value": 0.04730601802002639,
            "min": 0.045991869119461626,
            "max": 0.06804577598813921,
            "count": 10
        },
        "MoveToGoal.Policy.GAILGradMagLoss.mean": {
            "value": 0.024110963426937814,
            "min": 0.022911027453665155,
            "max": 0.03321184298256412,
            "count": 10
        },
        "MoveToGoal.Policy.GAILGradMagLoss.sum": {
            "value": 0.024110963426937814,
            "min": 0.022911027453665155,
            "max": 0.03321184298256412,
            "count": 10
        },
        "MoveToGoal.Losses.PretrainingLoss.mean": {
            "value": 0.025803208765056398,
            "min": 0.025803208765056398,
            "max": 0.03198951193028026,
            "count": 10
        },
        "MoveToGoal.Losses.PretrainingLoss.sum": {
            "value": 0.025803208765056398,
            "min": 0.025803208765056398,
            "max": 0.03198951193028026,
            "count": 10
        }
    },
    "metadata": {
        "timer_format_version": "0.1.0",
        "start_time_seconds": "1736860888",
        "python_version": "3.9.13 (tags/v3.9.13:6de2ca5, May 17 2022, 16:36:42) [MSC v.1929 64 bit (AMD64)]",
        "command_line_arguments": "C:\\Users\\joanm\\Documents\\GitHub Desktop\\HexGolf\\venv\\Scripts\\mlagents-learn config/moveToGoal.yaml --run-id Pukk --resume",